"platform","targetDefinitionIds","normalisedValue","minimumOS","minimumMacOS","compatibilityStatus","compatibilityEvidence","sourcePolicyId","sourcePolicyName","sourceKind","sourceKey","sourcePath","displayName","currentTechnology","currentValue","classification","mappingId","targetPath","proposedValue","appleSupport","intuneSupport","minimumIOS","supervisionRequired","estateCompatibility","notes","sources"
"macOS","[]","True","13.0","13.0","Unknown","{""scope"":""Platform-wide inventory; assignment targeting not resolved"",""unknown"":1,""summary"":""2 passed, 0 blocked, 1 unknown / 3 macOS devices (OS/supervision only; platform-wide)."",""status"":""Unknown"",""total"":3,""blocked"":0,""passed"":2}","mac-password","macOS - Corporate Password","legacy","passwordRequired","passwordRequired","passwordRequired","Legacy MDM","True","DDM_DIRECT","mac-passcode-required","com.apple.configuration.passcode.settings/RequirePasscode","True","Supported","Target definition not resolved; review current Intune availability","","False","2 passed, 0 blocked, 1 unknown / 3 macOS devices (OS/supervision only; platform-wide).","Review macOS system/user channel and effective password intent. Apple allows supervised/local enrolment; device OS checks do not validate enrolment or channel. Password restrictions combine with existing profiles.","[""https://github.com/apple/device-management/blob/release/declarative/declarations/configurations/passcode.settings.yaml"",""https://learn.microsoft.com/en-us/intune/device-configuration/settings-catalog/ref-apple-settings""]"
"macOS","[]","12","13.0","13.0","Unknown","{""scope"":""Platform-wide inventory; assignment targeting not resolved"",""unknown"":1,""summary"":""2 passed, 0 blocked, 1 unknown / 3 macOS devices (OS/supervision only; platform-wide)."",""status"":""Unknown"",""total"":3,""blocked"":0,""passed"":2}","mac-password","macOS - Corporate Password","legacy","passwordMinimumLength","passwordMinimumLength","passwordMinimumLength","Legacy MDM","12","DDM_DIRECT","mac-passcode-length","com.apple.configuration.passcode.settings/MinimumLength","12","Supported","Target definition not resolved; review current Intune availability","","False","2 passed, 0 blocked, 1 unknown / 3 macOS devices (OS/supervision only; platform-wide).","Review macOS system/user channel and effective password intent. Apple allows supervised/local enrolment; device OS checks do not validate enrolment or channel. Password restrictions combine with existing profiles.","[""https://github.com/apple/device-management/blob/release/declarative/declarations/configurations/passcode.settings.yaml"",""https://learn.microsoft.com/en-us/intune/device-configuration/settings-catalog/ref-apple-settings""]"
"macOS","[]","True","13.0","13.0","Unknown","{""scope"":""Platform-wide inventory; assignment targeting not resolved"",""unknown"":1,""summary"":""2 passed, 0 blocked, 1 unknown / 3 macOS devices (OS/supervision only; platform-wide)."",""status"":""Unknown"",""total"":3,""blocked"":0,""passed"":2}","mac-password","macOS - Corporate Password","legacy","passwordBlockSimple","passwordBlockSimple","passwordBlockSimple","Legacy MDM","True","DDM_DIRECT","mac-passcode-complex","com.apple.configuration.passcode.settings/RequireComplexPasscode","True","Supported","Target definition not resolved; review current Intune availability","","False","2 passed, 0 blocked, 1 unknown / 3 macOS devices (OS/supervision only; platform-wide).","Review macOS system/user channel and effective password intent. Apple allows supervised/local enrolment; device OS checks do not validate enrolment or channel. Password restrictions combine with existing profiles.","[""https://github.com/apple/device-management/blob/release/declarative/declarations/configurations/passcode.settings.yaml"",""https://learn.microsoft.com/en-us/intune/device-configuration/settings-catalog/ref-apple-settings""]"
"macOS","[]","10","13.0","13.0","Unknown","{""scope"":""Platform-wide inventory; assignment targeting not resolved"",""unknown"":1,""summary"":""2 passed, 0 blocked, 1 unknown / 3 macOS devices (OS/supervision only; platform-wide)."",""status"":""Unknown"",""total"":3,""blocked"":0,""passed"":2}","mac-password","macOS - Corporate Password","legacy","passwordMaximumAttemptCount","passwordMaximumAttemptCount","passwordMaximumAttemptCount","Legacy MDM","10","DDM_DIRECT","mac-passcode-attempts","com.apple.configuration.passcode.settings/MaximumFailedAttempts","10","Supported","Target definition not resolved; review current Intune availability","","False","2 passed, 0 blocked, 1 unknown / 3 macOS devices (OS/supervision only; platform-wide).","Review macOS system/user channel and effective password intent. Apple allows supervised/local enrolment; device OS checks do not validate enrolment or channel. Password restrictions combine with existing profiles. On macOS failed-attempt handling locks the device; it is not an iOS-style data wipe.","[""https://github.com/apple/device-management/blob/release/declarative/declarations/configurations/passcode.settings.yaml"",""https://learn.microsoft.com/en-us/intune/device-configuration/settings-catalog/ref-apple-settings""]"
"macOS","[]","15","13.1","13.1","Unknown","{""scope"":""Platform-wide inventory; assignment targeting not resolved"",""unknown"":1,""summary"":""2 passed, 0 blocked, 1 unknown / 3 macOS devices (OS/supervision only; platform-wide)."",""status"":""Unknown"",""total"":3,""blocked"":0,""passed"":2}","mac-password","macOS - Corporate Password","legacy","passwordMinutesUntilFailedLoginReset","passwordMinutesUntilFailedLoginReset","passwordMinutesUntilFailedLoginReset","Legacy MDM","15","DDM_DIRECT","mac-failed-reset","com.apple.configuration.passcode.settings/FailedAttemptsResetInMinutes","15","Supported","Target definition not resolved; review current Intune availability","","False","2 passed, 0 blocked, 1 unknown / 3 macOS devices (OS/supervision only; platform-wide).","Review together with MaximumFailedAttempts. macOS-only setting; validate login lock/reset behaviour. Enrolment and channel need separate review.","[""https://github.com/apple/device-management/blob/release/declarative/declarations/configurations/passcode.settings.yaml"",""https://learn.microsoft.com/en-us/intune/device-configuration/settings-catalog/ref-apple-settings""]"
"macOS","[]","60","13.1","13.1","Unknown","{""scope"":""Platform-wide inventory; assignment targeting not resolved"",""unknown"":1,""summary"":""2 passed, 0 blocked, 1 unknown / 3 macOS devices (OS/supervision only; platform-wide)."",""status"":""Unknown"",""total"":3,""blocked"":0,""passed"":2}","mac-password","macOS - Corporate Password","legacy","passwordExpirationDays","passwordExpirationDays","passwordExpirationDays","Legacy MDM","60","DDM_DIRECT","mac-passcode-age","com.apple.configuration.passcode.settings/MaximumPasscodeAgeInDays","60","Supported","Target definition not resolved; review current Intune availability","","False","2 passed, 0 blocked, 1 unknown / 3 macOS devices (OS/supervision only; platform-wide).","Review macOS system/user channel and effective password intent. Apple allows supervised/local enrolment; device OS checks do not validate enrolment or channel. Password restrictions combine with existing profiles.","[""https://github.com/apple/device-management/blob/release/declarative/declarations/configurations/passcode.settings.yaml"",""https://learn.microsoft.com/en-us/intune/device-configuration/settings-catalog/ref-apple-settings""]"
"macOS","[]","[{""identifier"":""com.example.remote"",""screenCapture"":""allowStandardUserToSetSystemService""}]","","","NotApplicable","{""scope"":""Platform-wide inventory; assignment targeting not resolved"",""unknown"":0,""summary"":""No verified target to check."",""status"":""NotApplicable"",""total"":0,""blocked"":0,""passed"":0}","mac-password","macOS - Corporate Password","legacy","privacyAccessControls","privacyAccessControls","privacyAccessControls","Legacy MDM","[{""identifier"":""com.example.remote"",""screenCapture"":""allowStandardUserToSetSystemService""}]","LEGACY_RETAIN","mac-retain-security-template","",,"Unverified","Unverified","",,"No verified target to check.","Retain this security workload. No native DDM replacement is asserted by this catalogue; consider standard MDM Settings Catalog modernisation separately.","[""https://learn.microsoft.com/en-us/intune/device-configuration/settings-catalog/ref-apple-settings""]"
"macOS","[]","30","15.0","15.0","Mixed","{""scope"":""Platform-wide inventory; assignment targeting not resolved"",""unknown"":1,""summary"":""1 passed, 1 blocked, 1 unknown / 3 macOS devices (OS/supervision only; platform-wide)."",""status"":""Mixed"",""total"":3,""blocked"":1,""passed"":1}","mac-updates","macOS - Update Deferrals","legacy","softwareUpdateMajorOSDeferredInstallDelayInDays","softwareUpdateMajorOSDeferredInstallDelayInDays","softwareUpdateMajorOSDeferredInstallDelayInDays","Legacy MDM","30","DDM_SEMANTIC","mac-update-major","com.apple.configuration.softwareupdate.settings/Deferrals/MajorPeriodInDays","30","Supported","Target definition not resolved; review current Intune availability","","True","1 passed, 1 blocked, 1 unknown / 3 macOS devices (OS/supervision only; platform-wide).","Visibility deferral, not an installation deadline. Preserve distinct major/minor/system intent; verify supervision and companion enable flags for custom payloads.","[""https://github.com/apple/device-management/blob/release/declarative/declarations/configurations/softwareupdate.settings.yaml"",""https://learn.microsoft.com/en-us/intune/device-configuration/settings-catalog/ref-apple-settings""]"
"macOS","[]","14","15.0","15.0","Mixed","{""scope"":""Platform-wide inventory; assignment targeting not resolved"",""unknown"":1,""summary"":""1 passed, 1 blocked, 1 unknown / 3 macOS devices (OS/supervision only; platform-wide)."",""status"":""Mixed"",""total"":3,""blocked"":1,""passed"":1}","mac-updates","macOS - Update Deferrals","legacy","softwareUpdateMinorOSDeferredInstallDelayInDays","softwareUpdateMinorOSDeferredInstallDelayInDays","softwareUpdateMinorOSDeferredInstallDelayInDays","Legacy MDM","14","DDM_SEMANTIC","mac-update-minor","com.apple.configuration.softwareupdate.settings/Deferrals/MinorPeriodInDays","14","Supported","Target definition not resolved; review current Intune availability","","True","1 passed, 1 blocked, 1 unknown / 3 macOS devices (OS/supervision only; platform-wide).","Visibility deferral, not an installation deadline. Preserve distinct major/minor/system intent; verify supervision and companion enable flags for custom payloads.","[""https://github.com/apple/device-management/blob/release/declarative/declarations/configurations/softwareupdate.settings.yaml"",""https://learn.microsoft.com/en-us/intune/device-configuration/settings-catalog/ref-apple-settings""]"
"macOS","[]","7","15.0","15.0","Mixed","{""scope"":""Platform-wide inventory; assignment targeting not resolved"",""unknown"":1,""summary"":""1 passed, 1 blocked, 1 unknown / 3 macOS devices (OS/supervision only; platform-wide)."",""status"":""Mixed"",""total"":3,""blocked"":1,""passed"":1}","mac-updates","macOS - Update Deferrals","legacy","softwareUpdateNonOSDeferredInstallDelayInDays","softwareUpdateNonOSDeferredInstallDelayInDays","softwareUpdateNonOSDeferredInstallDelayInDays","Legacy MDM","7","DDM_SEMANTIC","mac-update-system","com.apple.configuration.softwareupdate.settings/Deferrals/SystemPeriodInDays","7","Supported","Target definition not resolved; review current Intune availability","","True","1 passed, 1 blocked, 1 unknown / 3 macOS devices (OS/supervision only; platform-wide).","Visibility deferral, not an installation deadline. Preserve distinct major/minor/system intent; verify supervision and companion enable flags for custom payloads.","[""https://github.com/apple/device-management/blob/release/declarative/declarations/configurations/softwareupdate.settings.yaml"",""https://learn.microsoft.com/en-us/intune/device-configuration/settings-catalog/ref-apple-settings""]"
"macOS","[]","30","","","NotApplicable","{""scope"":""Platform-wide inventory; assignment targeting not resolved"",""unknown"":0,""summary"":""No verified target to check."",""status"":""NotApplicable"",""total"":0,""blocked"":0,""passed"":0}","mac-updates","macOS - Update Deferrals","legacy","softwareUpdatesEnforcedDelayInDays","softwareUpdatesEnforcedDelayInDays","softwareUpdatesEnforcedDelayInDays","Legacy MDM","30","REQUIRES_REVIEW","mac-update-ambiguous-delay","com.apple.configuration.softwareupdate.settings/Deferrals",,"Unverified","Target definition not resolved; review current Intune availability","",,"No verified target to check.","Generic delay/mode or enable flag needs policy-level intent review; do not fan one number out to every macOS update period. Use explicit major/minor/system values where configured.","[""https://github.com/apple/device-management/blob/release/declarative/declarations/configurations/softwareupdate.settings.yaml""]"
"macOS","[]","delayOSUpdateVisibility","","","NotApplicable","{""scope"":""Platform-wide inventory; assignment targeting not resolved"",""unknown"":0,""summary"":""No verified target to check."",""status"":""NotApplicable"",""total"":0,""blocked"":0,""passed"":0}","mac-updates","macOS - Update Deferrals","legacy","updateDelayPolicy","updateDelayPolicy","updateDelayPolicy","Legacy MDM","delayOSUpdateVisibility","REQUIRES_REVIEW","mac-update-ambiguous-delay","com.apple.configuration.softwareupdate.settings/Deferrals",,"Unverified","Target definition not resolved; review current Intune availability","",,"No verified target to check.","Generic delay/mode or enable flag needs policy-level intent review; do not fan one number out to every macOS update period. Use explicit major/minor/system values where configured.","[""https://github.com/apple/device-management/blob/release/declarative/declarations/configurations/softwareupdate.settings.yaml""]"
"macOS","[]","True","","","NotApplicable","{""scope"":""Platform-wide inventory; assignment targeting not resolved"",""unknown"":0,""summary"":""No verified target to check."",""status"":""NotApplicable"",""total"":0,""blocked"":0,""passed"":0}","mac-security","macOS - Endpoint Protection","legacy","fileVaultEnabled","fileVaultEnabled","fileVaultEnabled","Legacy MDM","True","LEGACY_RETAIN","mac-retain-security-template","",,"Unverified","Unverified","",,"No verified target to check.","Retain this security workload. No native DDM replacement is asserted by this catalogue; consider standard MDM Settings Catalog modernisation separately.","[""https://learn.microsoft.com/en-us/intune/device-configuration/settings-catalog/ref-apple-settings""]"
"macOS","[]","True","","","NotApplicable","{""scope"":""Platform-wide inventory; assignment targeting not resolved"",""unknown"":0,""summary"":""No verified target to check."",""status"":""NotApplicable"",""total"":0,""blocked"":0,""passed"":0}","mac-security","macOS - Endpoint Protection","legacy","firewallEnabled","firewallEnabled","firewallEnabled","Legacy MDM","True","LEGACY_RETAIN","mac-retain-security-template","",,"Unverified","Unverified","",,"No verified target to check.","Retain this security workload. No native DDM replacement is asserted by this catalogue; consider standard MDM Settings Catalog modernisation separately.","[""https://learn.microsoft.com/en-us/intune/device-configuration/settings-catalog/ref-apple-settings""]"
"macOS","[]","macAppStoreAndIdentifiedDevelopers","","","NotApplicable","{""scope"":""Platform-wide inventory; assignment targeting not resolved"",""unknown"":0,""summary"":""No verified target to check."",""status"":""NotApplicable"",""total"":0,""blocked"":0,""passed"":0}","mac-security","macOS - Endpoint Protection","legacy","gatekeeperAllowedAppSource","gatekeeperAllowedAppSource","gatekeeperAllowedAppSource","Legacy MDM","macAppStoreAndIdentifiedDevelopers","LEGACY_RETAIN","mac-retain-security-template","",,"Unverified","Unverified","",,"No verified target to check.","Retain this security workload. No native DDM replacement is asserted by this catalogue; consider standard MDM Settings Catalog modernisation separately.","[""https://learn.microsoft.com/en-us/intune/device-configuration/settings-catalog/ref-apple-settings""]"
